{
  "(2,10)": {
    "s": -6.5,
    "zeta0": 5.077692307692308
  },
  "(0,12)": {
    "s": -6.5,
    "zeta0": 7.554615384615385
  },
  "(0,16)": {
    "s": -8.5,
    "zeta0": 7.800588235294118
  }
}