{
 "rama1": [
  [
   0.0,
   "(-6.192565050794292749610956 + 0.0j)",
   "(7.547876432887540125414131 + 0.0j)"
  ],
  [
   0.05,
   "(-6.143238243231912104848217 + 0.0j)",
   "(7.153313636792994598506122 + 0.0j)"
  ],
  [
   0.1,
   "(-6.064574741864691080765121 + 0.0j)",
   "(6.795741681366263216462048 + 0.0j)"
  ],
  [
   0.15,
   "(-6.195708733944173364276717 + 0.0j)",
   "(6.442292409118220722948335 + 0.0j)"
  ],
  [
   0.175,
   "(-6.189550535897272944163535 + 0.0j)",
   "(6.226019002164911025941101 + 0.0j)"
  ],
  [
   0.1925,
   "(-6.234461032188376200842835 + 0.0j)",
   "(5.956096785057802974892707 + 0.0j)"
  ],
  [
   0.19403125,
   "(-6.258016716046704520927592 + 0.0j)",
   "(5.874904504305203463329986 + 0.0j)"
  ]
 ],
 "rama_compleja": [
  [
   0.21,
   "(-6.224899127912370797226796 + 0.1131495772927875205678808j)",
   "(5.856117859880230035591856 + 0.3364679417042584860666258j)"
  ],
  [
   0.25,
   "(-6.125214489935085993663455 + 0.1944342562725605474505733j)",
   "(5.883982182159983611826674 + 0.588826225720725162201796j)"
  ],
  [
   0.3,
   "(-6.014332966890798098058697 + 0.2385230516982651529745454j)",
   "(5.915955428406072308300631 + 0.7403529374151073982232945j)"
  ],
  [
   0.4,
   "(-5.828385215264439260116724 + 0.2604394822849289817022788j)",
   "(5.958218159127376367011532 + 0.8468253171588011388440359j)"
  ]
 ],
 "rama2": [
  [
   0.25,
   "(-8.099860319036110302427032 + 0.0j)",
   "(6.127548909552687339586695 + 0.0j)"
  ],
  [
   0.2,
   "(-8.210600720131054912294632 + 0.0j)",
   "(5.407065202615852565262776 + 0.0j)"
  ],
  [
   0.15,
   "(-8.703055135772847961886526 + 0.0j)",
   "(4.853655779674182745437906 + 0.0j)"
  ],
  [
   0.1,
   "(-8.766265848202874030201303 + 0.0j)",
   "(4.791168691102274730061449 + 0.0j)"
  ],
  [
   0.05,
   "(-8.543883827569150883378745 + 0.0j)",
   "(4.993380771225923484850449 + 0.0j)"
  ]
 ],
 "cusp": [
  [
   0.0,
   "0.04065834368342589348432865",
   "6.851995494626053362094233",
   "-8.531732558071415208078755"
  ],
  [
   0.04,
   "(0.04081701344095233026372595 + 0.0j)",
   "(6.557237071430156738292637 + 0.0j)",
   "(-8.520229623359602069324625 + 0.0j)"
  ],
  [
   0.08,
   "(0.04094160939640078737736311 + 0.0j)",
   "(6.289104662410382995647972 + 0.0j)",
   "(-8.554637873954596571754344 + 0.0j)"
  ],
  [
   0.12,
   "(0.04102612791180177258168119 + 0.0j)",
   "(6.044934288185571369708503 + 0.0j)",
   "(-8.600448380696960847186988 + 0.0j)"
  ],
  [
   0.16,
   "(0.04106571312306684437377218 + 0.0j)",
   "(5.822464613672034621850763 + 0.0j)",
   "(-8.66588655444222728368248 + 0.0j)"
  ],
  [
   0.2,
   "(0.0410615181806872150679493 + 0.0j)",
   "(5.619344133937760169620125 + 0.0j)",
   "(-8.750506290715410959841618 + 0.0j)"
  ]
 ]
}