{
  "A3_cusp_gamma0": {
    "De": 0.19245008972987526,
    "Lambda": 1.539600717839002,
    "y": 1.7320508075688772
  },
  "A3_cusp_gamma0.1": {
    "De": 0.20329171841712948,
    "Lambda": 1.3703990989252106,
    "y": 1.706346511614283
  },
  "EP2_De0.15_gamma0.1": {
    "Lambda": 1.509575286577508,
    "y": 1.2385130101588586
  },
  "migration_law": "(1+2*De*gamma)^3 = 27*De^2*(1+gamma^2)",
  "precision": "40-digit mpmath, residuals < 1e-40"
}